﻿<?xml version="1.0" encoding="UTF-8"?>
<spawnpoints>
  <spawnpoint position="2105,0,1967" rotation="0,0,0" />
  <spawnpoint position="2146,0,1860" rotation="0,0,0" />
  <spawnpoint position="2209,0,1763" rotation="0,0,0" />
  <spawnpoint position="3125,0,1555" rotation="0,0,0" />
  <spawnpoint position="2607,0,1445" rotation="0,0,0" />
  <spawnpoint position="1041,0,2023" rotation="0,0,0" />
  <spawnpoint position="-129,0,1872" rotation="0,0,0" />
  <spawnpoint position="970,0,2023" rotation="0,0,0" />
  <spawnpoint position="2128,0,2206" rotation="0,0,0" />
  <spawnpoint position="2118,0,2337" rotation="0,0,0" />
  <spawnpoint position="3026,0,1679" rotation="0,0,0" />
  <spawnpoint position="2120,0,2125" rotation="0,0,0" />
  <spawnpoint position="3134,0,1632" rotation="0,0,0" />
  <spawnpoint position="2234,0,2388" rotation="0,0,0" />
  <spawnpoint position="-956,0,2538" rotation="0,0,0" />
</spawnpoints>